Topic 1,Topic 2,Topic 3,Topic 4,Topic 5,Topic 6,Topic 7,Topic 8,Topic 9,Topic 10
extracted,appropriate,pedagogical,fill,identifies,cmnes,latent,asymmetric,project,economic
combined,general,middleincome,employing,likelihood,matrix,map,highlights,designs,relatedness
morphological,pathdependent,models,invariance,achievement,outdoor,represents,drive,specialization,complexity
exploring,western,formal,scales,cabbage,regard,consequences,forms,ai,study
concerning,embedding,beta,self,differ,importantly,channels,actual,learn,results
managerial,including,biomedical,upgrading,gross,adapted,specialized,history,advancement,countries
mitigating,prediction,hierarchy,child,portfolios,estimators,affecting,operate,orientation,data
spanish,stock,performing,continuous,reduced,move,boundary,american,perform,research
bidirectional,unit,accordingly,final,represented,aid,compute,drawn,stages,paper
finance,change,demographic,import,act,argued,eight,intention,testing,knowledge
